"age","sample_id","x_ctr","y_ctr","rdnbr","elev_m","slope_deg","aspect_deg","TPH_trees","BA_m2_ha","CC_pct","CH_m","CFL_kg_m2","CBD_kg_m3","CBH_m","CWD_cover_pct","CWD_Mg_ha","Shrub_cover_pct","Shrub_ht_m","age_class","distance","weights"
"young",15,524594.739797229,4878253.82916481,666.5,2245.61660020029,9.97974091423056,199.850988111233,5028.58833590236,25.5238459219126,66.7127906730135,14.4578197619562,1.33169453910405,0.162952841326593,0.581617151169891,11.2038624059446,29.4938960534416,12.610918832216,0.330659561684724,0,0.507219544708227,1
"old",45.5,521813.467852496,4875669.68396185,758,2237.91587405065,9.12024329499143,108.147157497314,1760.5416347777,24.47859938212,46.7024595327823,24.4601859769289,1.26819190188897,0.0982341172426381,0.558310826188456,7.64759292959116,37.4801669832692,26.3010677472455,0.554076772791257,1,0.532076083758583,1
