"Vegetation_type","name","mean","sd","min","max"
"Conifer","Aspect_deg",199.565217391304,106.596872752593,6,356
"Conifer","Elevation",2090.88064426087,55.4205100240835,1943.982829,2217.384079
"Conifer","Slope_deg",5.39565217391304,4.52894511707945,0.2,15.6
"Deciduous","Aspect_deg",169.6,97.6258162577912,92,302
"Deciduous","Elevation",2083.4827216,29.8813030950778,2051.84165,2128.113402
"Deciduous","Slope_deg",9.18,4.61161576890356,2.7,13.8
"Shrub","Aspect_deg",215.153846153846,84.4825881013815,76,314
"Shrub","Elevation",2044.51919713333,49.7556796469587,1958.736373,2155.050599
"Shrub","Slope_deg",3.54,6.93920538884471,0,25.9
